My Unfamiliar Family,6.551
Social Savvy Class 101,7.059
Seventeen-Year-Old’s Condition,7.205
Eighteen Again,7.493
20th Century Boy and Girl,7.311
Pump Up the Healthy Love,7.392
Heesu in Class 2,7.411
365: Repeat the Year,7.476
38 Task Force,7.454
Revenge of Others,7.494
49 Days,7.482
"""60일",7.493
The Escape of the Seven: Resurrection,7.451
The Escape of the Seven,7.499
Queen for Seven Days,7.466
Woman of 9.9 Billion,7.239
D.P. 2,7.5
DNA Lover,7.359
Dr. Brain,7.49
Exit,7.498
2023 KBS Drama Special,7.212
2024 KBS Drama Special,7.212
LTNS,7.436
Mr. Plankton,7.496
ONE: High School Heroes,7.471
SKY Castle,7.494
S Line,7.487
VIP,7.487
YG Future Strategy Office,7.364
Yellow,7.5
Mask,7.497
Queen of Masks,6.844
Parole Examiner Lee,7.325
HeartBeat,7.493
Must You Go?,7.113
Gaus Electronics,7.471
Romance in the House,7.475
Family Matters,7.499
What Happens to My Family,6.8
Bridal Mask,7.463
Individual Circumstances,7.412
My Roommate Is a Gumiho,7.495
Queen: Love And War,7.404
The Auditors,7.446
The Potato Lab,7.486
Gab Dong,7.436
Gangnam B-Side,7.484
Seoul Busters,7.467
Stock Struck,6.928
Dog Knows Everything,7.106
Personal Taste,7.494
Individualist Ms. Ji Young,7.494
Hometown Cha-Cha-Cha,7.499
The Deal,7.0
My Secret Vampire,4.846
Lies of Lies,7.499
Investigation Couple,7.483
Investigation Couple 2,7.483
Prosecutor Princess,7.412
Search: WWW,7.412
The Veil,7.497
Cherry Blossoms After Winter,7.486
Head over Heels,7.49
Marriage Contract,7.477
Welcome to Wedding Hell,7.477
Love (ft. Marriage and Divorce),6.333
Marry YOU,6.333
Off the Course,5.433
Gyeongseong Creature,7.498
Gyeongseong Creature 2,7.498
More Than Friends,7.463
The Uncanny Counter,7.498
The Uncanny Counter 2: Counter Punch,7.498
Police University,7.475
Mama Fairy and the Woodcutter,7.331
Gye Baek,7.395
How to Buy a Friend,7.254
High School King of Savvy,7.486
Korea-Khitan War,7.406
Go Back Couple,7.486
Boys Be Brave!,7.438
Ghost Doctor,7.491
The Silent Sea,7.499
High-End Crush,7.433
Artificial City,7.231
The Princess’ Man,7.46
On the Way to the Airport,7.33
Mercy for None,7.496
"It’s Okay, That’s Love",7.494
Beyond Evil,7.496
Monstrous,7.447
Gu Family Book,7.486
Inspector Koo,7.498
Moonlight Drawn by Clouds,7.206
Tale of the Nine Tailed,7.366
Tale of the Nine Tailed 1938,7.457
Ex-Girlfriend Club,7.378
Never Give Up,7.099
Save Me,7.495
Save Me 2,6.551
My Fellow Citizens,7.396
The Killing Vote,7.484
Military Prosecutor Doberman,7.485
Ruler: Master of the Mask,7.36
Good Doctor,7.488
The Good Wife,7.488
Goodbye Mr. Black,6.475
Good Boy,7.494
Good Job,7.432
Good Casting,7.345
Good Partner,6.49
Princess Hours,7.324
The Haunted Palace,7.475
Whisper,7.5
"That Winter, the Wind Blows",7.488
Find Me in Your Memory,7.477
Our Beloved Summer,7.498
That Man Oh Soo,7.406
Just Between Lovers,7.492
Ice Girl,7.462
The Liar and His Lover,7.47
She Was Pretty,6.675
Let Me Introduce Her,7.178
Her Bucket List,7.251
Her Private Life,7.496
My Dearest Nemesis,7.488
Men Are Men,7.488
Worlds Within,7.402
So I Married the Anti-Fan,7.488
Grid,7.471
Green Mother’s Club,7.428
Shadow Beauty,7.441
The Accidental Couple,7.347
Glitch,7.347
The Golden Spoon,7.482
Second Shot at Love,7.438
My Troublesome Star,7.314
The Forbidden Marriage,7.473
Be Positive,7.491
Wok of Love,7.482
Forecasting Love and Weather,7.494
Parasyte: The Grey,7.498
Eccentric Romance,7.305
Miraculous Brothers,7.466
Empress Ki,7.493
Chief Kim,7.493
What’s Wrong With Secretary Kim,7.38
Kissable Lips,7.471
Kokdu: Season of Deity,7.437
Kkondae Intern,7.388
Moonshine,7.468
Boys Over Flowers,7.492
The Secret Romantic Guesthouse,7.444
Flower Crew: Joseon Marriage Agency,7.465
Queen of Divorce,7.412
My Holo Love,7.493
I Picked Up a Star on the Road,7.405
Dreaming of a Freaking Fairytale,7.464
The Pork Cutlets,6.75
Dear X Who Doesn’t Love Me,7.194
The Spies Who Loved Me,7.397
Namib,7.464
Navillera,7.492
Bad Guys,7.185
Bad Guys: City of Evil,7.418
Less Than Evil,7.326
Bad Memory Eraser,7.424
The Good Bad Mother,7.496
Ocean Likes Me,7.384
My 20th Twenty,6.567
My Country: The New Age,7.49
To My Star,7.49
To My Star 2,7.184
My Mister,7.498
Love Scout,7.488
My Dangerous Wife,7.291
Dear Hyeri,7.462
My Liberation Notes,7.495
My Happy Ending,6.551
Nine Puzzles,7.491
Nine: 9 Times Time Travel,7.454
Room No. 9,7.311
Melting Me Softly,6.871
When the Weather is Fine,7.49
Delayed Justice,7.059
Salon de Nabi,7.138
Between Him and Her,5.887
Not Others,7.494
Strangers Again,7.405
Encounter,7.49
Namju Search,5.822
The First Night with the Duke,7.471
"Romantic Doctor, Teacher Kim",7.495
"Romantic Doctor, Teacher Kim 2",7.495
"Romantic Doctor, Teacher Kim 3",7.495
Awaken,7.48
Miss Night and Day,7.488
Moon in the Day,7.471
My Man is Cupid,7.48
Marry My Husband,7.497
Terius Behind Me,7.497
The Time of Fever,7.384
My ID is Gangnam Beauty,7.384
My Girlfriend is a Gumiho,7.492
My Girlfriend is the Man!,6.551
My Friend’s Graduation Ceremony,6.551
When I Was Most Beautiful,7.308
Way Back Love,7.455
Lie to Me,7.5
My Lovely Girl,7.425
Dr. Park’s Clinic,6.817
Introverted Boss,7.486
Tomorrow,7.498
Tomorrow With You,7.48
So Not Worth It,7.48
Cantabile Tomorrow,7.411
The Girl Who Sees Smells,6.4
I Hate You Juliet,7.377
You Are My Spring,6.551
Are You Human Too?,7.492
Reflection of You,7.438
The Time We Were Not In Love,7.438
Love All Play,5.198
Rookie Cops,7.48
I Wanna Hear Your Song,7.39
Let Me Be Your Knight,7.396
A Time Called You,7.496
Where Your Eyes Linger,7.489
You’re All Surrounded,7.481
Heartstrings,5.3
Numbers,7.439
No Way Out: The Roulette,7.433
Oh My Ghost Clients,7.464
Nokdu Flower,7.388
My Sweet Mobster,7.482
Queen of Tears,7.482
Dazzling,6.551
New Love Playlist,4.944
New Normal Zine,4.944
Newtopia,7.497
Iron Family,7.471
Once Again,7.471
Reunited Worlds,7.44
"Fly, again",5.783
Dark Hole,7.456
Shut Up Flower Boy Band,7.455
Doctor Stranger,7.492
Doctor Cha,7.488
Doctor Detective,7.441
Dr. Frost,7.265
Doctor Prisoner,6.551
Doctor Lawyer,7.464
Doctors,7.483
Doctor Slump,7.495
Angel’s Last Mission: Love,7.493
No Mercy,5.106
To the Moon,5.82
The Sweet Blood,7.358
The Running Mates: Human Rights,6.355
Dali and Cocky Prince,7.487
River Where the Moon Rises,7.456
Chicken Nugget,7.494
Tastefully Yours,7.491
Scripting Your Destiny,7.491
Your House Helper,7.355
If You Wish Upon Me,7.485
While You Were Sleeping,7.5
Grand Prince,7.373
Love in the Big City,7.36
Jackpot,7.499
Sell Your Haunted House,7.482
Jewel in the Palace,7.494
Dae Jang Geum Is Watching,7.116
Agency,7.46
The Game: Towards Zero,7.435
The Glory,7.499
The Lover,7.48
The Road: Tragedy of One,7.111
The 8 Show,7.111
The K2,7.497
The King: Eternal Monarch,7.498
The Fabulous,7.481
The Package,7.441
W,7.496
The King 2 Hearts,7.481
My Husband Oh Jak Doo,7.386
Do Do Sol Sol La La Sol,7.49
Goedam,7.479
Lovestruck in the City,7.494
Song of the Bandits,7.489
Dokgo Rewind,7.346
For Eagle Brothers,7.449
Money Flower,7.449
The Return of Iljimae,7.285
"Please Come Back, Mister",7.46
The Whirlwind,7.465
Neighborhood Lawyer Jo Deul Ho,7.208
Neighborhood Lawyer Jo Deul Ho 2: Crime and Punishment,7.208
When the Camellia Blooms,7.492
Dong Yi,7.488
The King of Pigs,7.482
Never Twice,7.301
Brain Works,7.415
Twenty Again,6.551
Duel,7.5
Dream High,7.493
Dream High 2,7.493
D-Day,7.431
The Empire,7.431
Dear My Friends,7.447
Dear.M,7.447
D.P.,7.497
Delivery Man,7.432
Sing My Crush,7.438
Entertainer,5.991
Just Dance,7.233
Another Miss Oh,7.489
Unexpected Heroes,4.593
Radio Romance,7.473
Mother and Mom,6.5
Live,6.5
Live On,7.458
Liar Game,7.488
Life,7.499
Life on Mars,7.499
Racket Boys,7.499
Girls’ Generation 1979,7.268
I Am a Running Mate,7.177
Love Mate,7.45
Love & Wish,7.5
Love Again,7.487
Lovely Horribly,7.411
Run On,7.495
Leverage,7.495
Level Up,7.495
Race,7.498
Romance by Romance,7.498
The Villain of Romance,5.897
I Need Romance 3,7.436
Romance Is a Bonus Book,7.497
I’m Not a Robot,6.551
Law School,7.492
Loss Time Life – The Last Chance,7.492
The Impossible Heir,7.475
Rugal,7.479
L.U.C.A.: The Beginning,7.452
Nobleman Ryu’s Wedding,7.43
Legal High,7.488
Remember – War of the Son,7.478
Reset,7.458
Rich Man,7.492
Return,7.481
Miss Ripley,7.208
"Link: Eat, Love, Kill",7.485
The Witch,7.5
Becoming Witch,7.195
Mirror of the Witch,7.444
The Witch Store Reopens,6.622
The Witch’s Diner,7.371
Witch Yoo Hee,7.259
Witch’s Court,7.46
Witch’s Love,7.428
Madame Antoine,7.436
Lies Hidden in My Garden,7.448
Mother,7.5
Devilish Joy,7.453
Magic School,6.923
Mask Girl,7.497
Maestra: Strings of Truth,7.392
Mouse,7.498
The Sound of Your Heart: Reboot (Season 1),7.344
The Sound of Your Heart: Reboot (Season 2),7.344
The Sound of Your Heart,7.344
Horse Doctor,7.358
My Name,7.499
My Demon,7.498
My Sweet Dear,7.454
My Only Love Song,7.467
My Youth,7.413
My Princess,7.468
My Girl,7.195
Mine,7.499
Last Minute Romance,7.452
Mad Dog,7.478
Mary Stayed Out All Night,7.465
Warm and Cozy,7.455
Heading to the Ground,6.571
Naked Fireman,7.269
Man to Man,7.497
Manhole: Feel So Good,7.282
A Head Coach’s Turnover,4.567
Money Game,7.431
"At a Distance, Spring is Green",7.431
Mary Kills People,7.494
Memorist,7.482
Hunter with a Scalpel,7.442
Mental Coach Jegal,7.113
Melancholia,7.468
Melo Movie,7.492
Be Melodramatic,7.486
Meloholic,7.365
Boar Hunt,6.748
Nothing Uncovered,7.347
Deserving of the Name,7.281
Modern Farmer,7.411
The Lies Within,7.455
Like Flowers in Sand,7.461
A Model Family,7.481
Taxi Driver,7.496
Taxi Driver 2,6.551
The Good Detective,7.482
The Good Detective 2,7.482
Motel California,7.452
Here’s My Plan,7.244
Monstar,7.396
Bargain,7.479
Moebius: The Veil,7.014
Moorim School,7.461
Lawless Lawyer,7.461
Move to Heaven,7.498
Moving,7.498
Warrior Baek Dong Soo,7.463
Something’s Not Right,7.351
Castaway Diva,7.493
Heartless City,7.451
Tinted With You,7.448
Decoy,7.418
Café Minamdang,7.488
You’re Beautiful,7.495
Beauty and Mr. Romantic,7.303
Birth of a Beauty,7.303
Miracle,7.498
Marry Him If You Dare,7.378
Mimicus,6.96
Misaeng,7.491
"Miss Ma, Nemesis",7.489
Miss Hammurabi,7.489
Class of Lies,7.47
Mr. Sunshine,7.496
Mr. Heart,7.481
Mistress,7.5
Misty,7.471
She Knows Everything,7.049
Missing: The Other Side,7.481
Missing: The Other Side 2,7.481
Missing Nine,7.438
Our Unwritten Seoul,7.492
You Drive Me Crazy!,7.069
On the Verge of Insanity,7.492
Secret Love Affair,7.461
Crushology 101,7.433
King Maker: The Change of Destiny,7.254
The Painter of the Wind,7.499
The Wind Blows,7.488
"Cheat on Me, If You Can",7.424
Babel,7.126
Bite Sisters,7.225
One Day Off,7.363
A Piece of Your Mind,7.477
Twinkling Watermelon,7.497
Sassy Go Go,7.475
Knight Flower,7.464
Scholar Who Walks the Night,7.476
Night Has Come,7.491
Something in the Rain,7.497
The Director Who Buys Me Dinner,7.456
Duty After School,7.491
The Cursed,7.343
Vagabond,7.498
Bad and Crazy,7.495
Bad Girlfriend,7.152
Bad Papa,7.325
Hundred Year Inheritance,7.325
A Hundred Memories,7.34
Black Out,7.456
100 Days My Prince,7.493
Vampire Detective,7.388
Team Bulldog: Off-duty Investigation,7.376
The Law Cafe,7.478
Payback: Money and Power,7.428
May It Please the Court,7.449
Revolutionary Love,7.466
When the Stars Gossip,7.487
Sh**ting Stars,7.493
You Who Came From the Stars,7.303
Hospital Ship,7.435
The School Nurse Files,7.481
I Miss You,7.47
Bora! Deborah,7.48
Buried Hearts,7.482
Moon Lovers – Scarlet Heart: Ryeo,7.498
Protect the Boss,7.46
Bossam: Steal the Fate,7.421
Voice,7.421
Voice 3,7.49
Voice 2,6.551
Voice (Season 4),6.551
Chief of Staff,7.464
Chief of Staff 2,7.464
My Strange Hero,7.48
Revenge Note,7.452
Revenge Note 2,7.452
The Goddess of Revenge,6.551
Genesis,5.637
Born Again,7.436
Tell Me What You Saw,7.479
Bon Appetit,7.495
Ball Boy Tactics,7.444
One Spring Night,6.551
Spring Turns to Spring,7.195
The World of the Married,7.493
Avengers Social Club,7.396
All About My Mom,7.462
Tempest,7.496
Bulgasal: Immortal Souls,7.491
Night Light,7.5
Blow Breeze,6.875
Bloody Heart,7.431
Children of Nobody,7.42
The Beauty Inside,7.484
Beautiful Mind,6.791
Do You Like Brahms?,7.48
Branding in Seongsu,7.433
Blind,7.487
Black,7.498
Black Dog,7.498
Remarriage & Desires,7.488
Blood,7.488
Blossom Campus,7.237
Blueming,7.482
Blue Birthday,7.456
Begins Youth,7.44
Secret,7.499
Secret Relationships,7.473
Frankly Speaking,7.463
Secret Forest,7.497
Secret Forest 2,4.774
Unintentional Love Story,7.477
Vigilante,7.493
Behind Cut,7.428
Big,7.428
Big Forest,5.661
Big Mouth,7.5
Big Issue,7.232
Vincenzo,7.499
Villains Everywhere,6.871
Possessed,7.481
Padam Padam… The Sound of His and Her Heartbeats,7.481
Red Balloon,7.209
Deep Rooted Tree,7.458
Spring of Youth,7.405
Business Proposal,7.499
Bloodhounds,7.499
What Comes After Love,6.551
Love Rain,6.333
Love is Like a Cat,7.279
"Love is Beautiful, Life is Wonderful",7.257
Love Your Enemy,5.208
Crash Landing on You,7.499
Love Andante,6.926
Temperature of Love,7.457
The Interest of Love,7.482
Call It Love,7.482
Tell Me That You Love Me,7.471
Queen Mantis,7.434
The King of Desert,7.014
Risky Romance,6.551
Private Lives,7.464
Hymn of Death,7.488
He Is Psychometric,7.489
It’s Okay to Not Be Okay,7.09
"Saimdang, Light’s Diary",7.449
Unlock My Boss,7.471
Spice Up Our Love,7.465
CEO-dol Mart,6.16
Birthcare Center,7.427
Salon De Holmes,7.349
A Killer Paradox,7.497
The Killer’s Shopping List,6.551
Three Bold Siblings,6.729
Uncle Samsik,7.409
High Society,7.456
The Heirs,7.484
Cinderella at 2AM,7.459
Light On Me,7.485
Shark 2: The Storm,7.444
Thirty Nine,7.491
Thirty But Seventeen,7.491
Law and the City,7.475
Queen Seon Deok,7.482
She Would Never Know,7.489
The Bequeathed,7.486
Friendly Rivalry,7.495
Lovely Runner,7.498
Snowdrop,7.498
Fluttering Warning,7.209
Sungkyunkwan Scandal,7.485
The Heavenly Idol,7.467
The Most Beautiful Goodbye in the World,7.174
Mother of Mine,7.205
Missing Crown Prince,7.433
Captivating the King,7.483
Celebrity,7.496
Hope or Dope,7.293
Boyhood,7.464
Juvenile Justice,7.496
A Shoulder to Cry On,7.155
The First Responders,7.483
The First Responders 2,6.551
My Lovely Liar,4.357
Hold Me Tight,6.883
Hand: The Guest,7.488
No Gain No Love,7.492
Solomon’s Perjury,7.402
Show Window: The Queen’s House,7.238
Short,7.487
Shopping King Louie,7.484
Narco-Saints,7.495
Chief Detective 1958,7.471
Who Is She,7.202
Suspicious Partner,7.497
Love Class,7.486
Love Class 2,7.486
My Lovely Boxer,6.415
Falling for Innocence,7.47
"Work Later, Drink Now",6.551
"Work Later, Drink Now 2",6.551
Hide and Seek,7.5
Under the Queen’s Umbrella,7.492
Suits,7.492
Twenty Five Twenty One,7.499
Switch: Change the World,7.388
Sweet Home,7.499
Sweet Home 2,7.139
Sweet Home 3,7.499
Sketch,7.406
Starstruck,7.498
Start-Up,7.498
Study Group,7.494
Stove League,7.485
Stealer: The Treasure Keeper,7.384
Sponsor,6.658
Wise Prison Life,7.495
Hospital Playlist,7.497
Hospital Playlist 2,7.497
Love in Sadness,7.307
Time,7.499
Peach of Time,7.397
When Time Stops,7.383
Signal,7.497
A Poem a Day,7.497
Semantic Error,7.495
Sisyphus: The Myth,7.495
Chicago Typewriter,7.487
Secret Garden,7.496
Secret Mother,7.065
Secret Boutique,6.994
City Hunter,7.483
Let’s Eat,7.457
Let’s Eat 2,7.457
Let’s Eat 3,7.457
A Pledge to God,6.874
Cinderella’s Sister,7.41
Cinderella Man,7.326
Young Lady and Gentleman,7.326
Shin’s Project,6.798
Divorce Attorney Shin,6.4
Faith,7.495
God’s Quiz Season 5,7.495
Rookie Historian Goo Hae Ryung,7.492
The New Employee,7.461
Missing Noir M,7.407
Chip In,7.186
Let’s Fight Ghost,7.341
Psychopath Diary,7.471
Sign,7.492
Fight My Way,7.497
Pegasus Market,7.334
Mystic Pop-up Bar,7.491
Search,7.498
Circle,7.499
Summer Guys,7.026
Somebody,7.026
3 Days,7.5
Goblin,7.497
Take Care of the Young Lady,7.488
Familiar Wife,6.772
Adamas,7.471
Arang and the Magistrate,7.469
Argon,7.409
To the Beautiful You,7.487
Beautiful World,7.383
A Love So Beautiful,7.486
Summer Strike,7.491
Nobody Knows,7.445
The Frog,7.494
Father Is Strange,7.466
Durian’s Affair,7.264
IDOL: The Coup,7.313
The Idolmaster KR,7.372
"I Do, I Do",7.489
IRIS,7.488
The Defects,7.446
Blade Man,7.435
I Am,7.435
Item,7.355
Island,7.491
Not Yet Thirty,7.273
I Have Not Done My Best,6.551
Athena: Goddess of War,7.252
Plus Nine Boys,7.269
Revenant,7.492
When the Devil Calls Your Name,7.396
The Devil Judge,7.495
Nightmare Teacher,7.451
Karma,7.495
Flower of Evil,7.495
Through the Darkness,7.489
Evilive,7.449
Anna,7.5
The Sound of Magic,7.495
"Hello, Me!",7.478
Andante,7.478
Entourage,7.5
Someone You May Know,7.48
"Nevertheless,",7.48
Memories of the Alhambra,7.496
Royal Secret Agent,7.437
Cunning Single Lady,7.474
Longing Heart,7.406
Aema,7.422
I Have a Lover,7.369
My Secret Romance,7.489
Alice,7.5
Angry Mom,7.46
Sweet Munchies,7.288
Queen of Ambition,7.295
The Midnight Studio,7.451
Weak Hero Class 1,7.499
Weak Hero Class 2,7.499
Again My life,7.484
One Ordinary Day,7.463
Doom at Your Service,7.497
Adult Trainee,7.45
About Time,7.465
Abyss,7.498
Secret Royal Inspector & Joy,7.473
"Meow, the Secret Boy",7.013
Somehow 18,7.412
My Perfect Stranger,7.478
Extraordinary You,7.496
Once Upon a Small Town,7.487
Under the Gun,7.203
Undercover,7.466
Undercover High School,7.491
Resident Playbook,7.49
Love is for Suckers,7.49
Love Next Door,7.497
Uncle,7.493
Beyond the Bar,7.491
XX,7.378
Angel Eyes,7.447
The Eighth Sense,7.485
True Beauty,7.485
Where Stars Land,7.481
My Lovely Journey,7.294
Weightlifting Fairy Kim Bok Joo,7.498
Rebel: Thief Who Stole the People,7.445
The King’s Affection,7.496
Marriage Without Dating,7.496
Lonely Enough to Love,7.281
Love to Hate You,7.496
Failing in Love,7.206
Love for Love’s Sake,7.482
Luv Pub,6.551
Love Revolution,7.453
Behind Every Star,7.4
The Story of Park’s Marriage Contract,7.485
Twelve Nights,7.056
Moment at Eighteen,7.47
The Fiery Priest,7.488
The Fiery Priest 2,7.488
My Sassy Girl,7.47
Fix You,7.379
옆집마녀제이,7.379
Bel Ami,6.551
Oh My Ghost,7.495
Oh My Geum Bi,7.29
Oh My Baby,7.428
Oh My Venus,7.29
Oh! My Assistant,7.421
Oh! Youngsim,7.186
Oh My Ladylord,7.425
Homemade Love Story,7.254
A Good Day to Be a Dog,7.488
Sorry Not Sorry,6.38
Be My Boyfriend,7.443
Recipe for Farewell,7.297
Today’s Webtoon,7.458
The Ghost Detective,7.403
Longing for You,7.496
Orange Marmalade,7.459
Pride and Prejudice,7.5
Oasis,7.495
Youth of May,7.49
Squid Game,7.5
Squid Game 2,7.155
Squid Game 3,7.5
Revolutionary Sisters,6.551
O’PENing 2023,5.08
The Tale of Lady Ok,7.482
The Flower in Prison,7.398
Rooftop Prince,7.491
The Red Sleeve,7.492
Why R U?,7.48
Perfect Family,7.395
Perfect Marriage Revenge,7.489
Watcher,7.489
What’s Up?,7.489
The King Loves,7.497
The King’s Face,6.551
The Crowned Clown,7.482
Why Her?,7.48
"What’s Wrong, Poong Sang",7.158
Yonder,7.348
Yong Pal,7.474
Our Dating Sim,7.484
Was It Love,7.475
Bitter Sweet Hell,7.34
The Miracle We Met,7.339
All That We Loved,7.376
Woori the Virgin,7.414
Our Blues,7.494
Our Chocolate Moments,6.428
Our Movie,7.485
Sweet Stranger and Me,7.428
The Great Shaman Ga Doo Shim,7.438
Queen Woo,7.478
Graceful Family,7.446
Graceful Friends,7.357
Serendipity’s Embrace,7.478
A Superior Day,7.288
The Universe’s Star,7.43
Fates and Furies,7.263
Fated to Love You,7.168
Lucky Romance,7.462
A Bloody Lucky Day,7.464
One the Woman,7.467
The Queen Who Crowns,7.386
Wonderful World,7.48
Wanted,7.496
Monthly Magazine Home,7.452
Love in Contract,7.485
Wedding Impossible,7.477
Welcome 2 Life,7.477
Welcome to Samdal-ri,7.497
Desperate Mr. X,6.505
The Great Show,7.498
The Great Seducer,7.489
Wish You,7.485
You Raise Me Up,7.485
You Make Me Dance,7.482
The Kidnapping Day,7.464
Unicorn,7.486
Ghost,7.499
Catch the Ghost!,7.465
Yumi’s Cells,7.491
Yumi’s Cells 2,7.491
Eccentric! Chef Moon,7.21
Your Honor,7.5
Six Flying Dragons,7.48
Eulachacha Waikiki,7.493
Eulachacha Waikiki 2,7.493
Walking on Thin Ice,7.134
Eun Joo’s Room,6.84
You and Everything Else,7.466
Business as Usual,7.407
Emergency Couple,7.485
Reply 1988,7.498
Reply 1994,7.498
Reply 1997,7.498
Doubtful Victory,7.199
Doctor John,7.489
Mad for Each Other,6.551
Destined With You,7.496
Doona!,7.496
Political Fever,6.365
Delightfully Deceitful,7.461
Come and Hug Me,7.482
Different Dreams,6.551
Imitation,7.473
See You in My 19th Life,7.497
Because This Is My First Life,7.241
My Wife’s Having an Affair this Week,7.428
Check Out the Event,6.686
"Breakup Probation, A Week",6.937
Goodbye to Goodbye,7.209
Eve,7.477
The Chairman is Level 9,6.774
Yi San – King Jeong Jo,6.551
Extraordinary Attorney Woo,7.499
Flower Boy Next Door,7.485
Death’s Game,7.499
Itaewon Class,7.499
Doubt,7.469
Nothing to Lose,7.362
The Divorce Insurance,7.471
Extracurricular,7.497
Lost,7.497
Insider,7.499
Queen In Hyun’s Man,7.478
A Breeze of Love,7.462
Clean With Passion For Now,7.49
May I Help You,7.48
Valid Love,7.194
Iljimae,7.477
Crash Course in Romance,7.495
Surplus Princess,7.406
Confession,7.498
Radiant Office,7.389
Children of a Lesser God,4.97
Little Women,7.494
Cold Blooded Intern,7.35
Playful Kiss,7.493
Rose Mansion,7.499
"Jang Ok Jung, Live in Love",7.413
Flex X Cop,7.488
Reborn Rich,7.494
Jazz for Two,7.472
Bump Up Business,7.393
Jugglers,7.416
Dinner Mate,7.46
Justice,7.499
My Absolute Boyfriend,7.431
Jeongnyeon: The Star is Born,7.484
A Virtuous Business,7.477
Daily Dose of Sunshine,7.494
The Third Charm,7.45
Please Don’t Date Him,7.402
"Baker King, Kim Tak Goo",7.446
Family by Choice,7.488
Light Shop,7.495
"Poong, the Joseon Psychiatrist",7.444
"Poong, the Joseon Psychiatrist 2",7.444
Joseon Gunman,7.43
The Tale of Nokdu,7.482
Joseon Attorney: A Morality,7.441
Falsify,7.328
High School Return of a Gangster,7.486
The Midnight Romance in Hagwon,7.457
Zombie Detective,7.476
Goodbye Earth,7.478
Pale Moon,7.088
Money Heist: Korea – Joint Economic Area,7.497
"Dongjae, the Good or the Bastard",7.319
Drunk in Good Taste,6.076
Love Alarm,6.955
Love Alarm (Season 2),6.551
One Sunny Day,6.551
Master’s Sun,7.495
All the Liquors,7.433
Feel Good To Die,7.5
Jun & Jun,7.475
The Trauma Code: Heroes on Call,7.475
When the Phone Rings,7.5
All of Us Are Dead,7.5
"Now, We Are Breaking Up",7.5
"From Now On, Showtime!",7.464
Jirisan,7.482
Blood Free,7.482
Hellbound,6.514
Hellbound 2,7.499
The Judge from Hell,7.493
Bad Prosecutor,7.478
Touch Your Heart,7.495
The Real Has Come!,7.439
Jealousy Incarnate,6.551
Jinx,7.499
Jinxed at First,7.433
Cringy Romance,6.551
Nice Guy,7.448
The Nice Guy,7.448
The Good Witch,7.494
Shining Inheritance,6.547
Because It’s the First Time,7.379
Heavenly Ever After,7.473
Temptation of an Angel,6.957
One Dollar Lawyer,7.487
Mr. Queen,7.498
"Love, Take Two",7.454
"First Love, Again",7.398
My First First Love,7.491
My First First Love 2,6.551
Bitch X Rich,7.469
Bitch X Rich 2,7.469
Miss Lee,7.029
Record of Youth,7.493
Seasons of Blossom,7.384
Age of Youth,7.491
Age of Youth 2,7.491
Our Blooming Youth,7.471
Check in Hanyang,7.468
The Secret Life of My Secretary,7.485
Chocolate,7.484
Prime Minister and I,6.551
Strongest Deliveryman,6.551
"You are the best, Lee Soon Shin",6.551
The Greatest Love,7.475
Matrimonial Chaos,7.328
Best Chicken,6.985
The Best Hit,5.779
The Worst of Evil,7.496
My Bias is Showing?!,7.291
Ultimate Weapon Alice,7.375
The Slave Hunters,7.477
Mystery Queen,7.392
Mystery Queen 2,7.392
The Scandal of Chun Hwa,7.499
Into The Ring,7.434
Brewing Love,7.474
Cheer Up,7.348
Cheese in the Trap,7.494
Your Honor,7.5
"Persevere, Goo Hae Ra",7.5
Kairos,7.473
Big Bet,7.465
Connection,7.478
Connect,7.487
Curtain Call,7.385
Would You Like a Cup of Coffee?,7.422
"Coffee, Please",6.954
Coffee Prince,7.257
Confidence Queen,7.403
Color Rush,7.482
Color Rush 2,7.482
Delightful Girl Choon Hyang,7.447
Queenmaker,7.481
Crime Puzzle,7.481
Crash,7.495
Crazy Love,7.486
Cross,7.499
Criminal Minds,7.5
4 Reasons Why I Hate Christmas,6.386
Cleaning Up,7.487
Chimera,7.399
Should We Kiss First,7.15
Kiss Sixth Sense,7.476
Kick Kick Kick Kick,7.496
A Shop for Killers,7.497
"Kill Me, Heal Me",7.496
Kill It,7.481
Kill Heel,6.959
King the Land,7.5
Kingdom,7.5
Kingdom (Season 2),7.5
Kingdom: Ashin of the North,7.498
Tarot,7.39
Strangers from Hell,7.497
Time Slip Dr. Jin,7.497
Times,7.497
Dear Hongrang,7.49
Top Management,7.408
Let Free the Curse of Taekwondo,7.465
Swallow the Sun,7.215
Descendants of the Sun,7.324
Black Knight,7.324
Tunnel,7.497
Touch,7.497
Two Cops,7.449
Two Weeks,7.449
To. Jenny,7.297
The Winning Try,7.459
Love Tractor,7.462
Trap,7.5
The Trunk,7.493
Tracer,7.341
Train,7.5
Trolley,7.448
Trigger,7.492
Unmasked,6.832
Twelve,7.45
Special Labor Inspector Jo,7.15
Lookout,7.431
Pasta,7.478
Low Life,6.107
Pachinko,7.498
Pandora: Beneath the Paradise,7.406
Hit the Spot,7.42
Family: The Unbreakable Bond,7.438
"Fanletter, Please",7.399
Phantom School,5.646
Peng,7.141
First Love,7.495
First Lady,6.178
Perfume,7.497
Pumpkin Time,6.551
Persona,7.098
Face Me,7.472
Page Turner,7.46
Happy Ending Romance,7.361
The Penthouse,7.495
Backstreet Rookie,7.495
Forest,7.498
The Tyrant,7.476
"Bon Appetit, Your Majesty",7.495
When Life Gives You Tangerines,7.499
Splash Splash Love,7.484
The Legend of the Blue Sea,7.499
Full House,7.499
Woman of Dignity,7.424
Roommates of Poongduck 304,7.476
Heard It Through the Grapevine,7.123
Bubblegum,7.468
Fragile,7.468
Producer,7.485
Priest,7.488
Secret Playlist,6.921
The Player,7.496
The Player 2: Master of Swindlers,7.46
The Tasty Florida,7.456
Defendant,7.487
Pinocchio,7.497
Pyramid Game,7.489
My Military Valentine,7.296
Finland Papa,6.649
My Only One,7.48
The Smile Has Left Your Eyes,6.844
Bride of the Water God 2017,7.493
Oh! Boarding House,7.441
How Are You Bread,7.476
Hide,7.464
"Hyde, Jekyll, Me",7.481
Hierarchy,7.493
"Hi Bye, Mama!",7.489
High School – Love On,7.374
Hyena,7.478
High Cookie,7.371
High Class,7.334
Hyper Knife,7.334
Love With Flaws,7.462
Heart Stain,7.304
Heart to Heart,7.051
School 2017,7.051
School 2021,7.443
Once Again,7.49
The One and Only,7.498
Han River Police,7.395
Dare to Love Me,7.317
Uncontrollably Fond,7.494
The Moon That Embraces the Sun,7.29
Haechi,7.423
Happiness,7.498
Happy Merry Ending,7.415
Handmade Love,7.344
Battle for Happiness,7.279
Hush,7.371
Heo’s Diner,7.277
One More Time,7.277
It’s Beautiful Now,7.256
The Art of Negotiation,5.7
Shadow Detective,7.447
Shadow Detective 2,7.447
Fool’s Love,7.411
Hotel Del Luna,7.498
The Matchmakers,7.464
Drinking Solo,7.39
Hometown,7.499
Lovers of the Red Sky,6.89
Hwarang: The Beginning,7.496
Our Golden Days,5.637
When My Love Blooms,7.457
A Korean Odyssey,7.496
Red Swan,7.496
Love Song for Illusion,7.447
Alchemy of Souls,7.447
Alchemy of Souls 2: Light and Shadow,7.447
My Golden Life,7.476
Hwang Jin Yi,7.394
The Last Empress,7.465
The Best Moment To Quit Your Job,6.551
Gray Shelter,7.391
Live Your Own Life,7.189
Who Are You,7.189
School 2015: Who Are You?,7.189
Handsome Guy and Jung Eum,6.551
Heart Surgeons,7.243
Black Knight,7.243
The Atypical Family,7.493
Healer,7.498
Strong Woman Do Bong Soon,7.499
Strong Girl Nam-soon,7.491
Behind Your Touch,7.492
Hip Hop King – Nassna Street,5.486
