100 Days My Prince,100 Days My Prince
2013 MBC Drama Festival,2013 MBC Drama Festival
2014 MBC Drama Festival,2014 MBC Drama Festival
2017 KBS Drama Special,2017 KBS Drama Special
2018 KBS Drama Special,2018 KBS Drama Special
2020 KBS Drama Special,2020 KBS Drama Special
20th Century Boy and Girl,20th Century Boy and Girl
3 Days,Three Days
365: Repeat the Year,365: Repeat the Year
A Beautiful Mind,A Beautiful Mind
A Gentleman’s Dignity,A Gentleman’s Dignity
A Good Supper ,A Good Supper 
A Hundred Year's Inheritance,100 Year Legacy
A Korean Odyssey,Hwayugi
A Love to Kill,A Love to Kill
A Man in a Veil ,A Man in a Veil 
A New Leaf,Repentance
A Piece of Your Mind,A Piece of Your Mind
A Pledge to God,A Pledge to God
A Wife’s Credentials,A Wife’s Credentials
A Witch’s Romance,A Witch’s Romance
A Word From Warm Heart,A Word From Warm Heart
About Time,About Time
Advertising Genius Lee Tae Baek,AD Genius Lee TaeBaek
Alice,Alice
Alive,Alive
All About My Mom,All About My Mom
All About My Romance,All About My Romance
All In,All In
Amor Fati,Amor Fati
Angel Eyes,Angel Eyes
Angel’s Last Mission: Love,Angel’s Last Mission: Love
Angry Mom,Angry Mom
Another Miss Oh,Another Oh Hae Young
Arang and the Magistrate,Tale of Arang
Are You Human Too?,Are You Human Too?
Arim Inn the Forest,Arim Inn the Forest
Assembly,Assembly
Awaken,Awaken
Baby-faced Beauty,Babyfaced Beauty
Babysitter,Babysitter
Bad Couple,Bad Couple
Bad Guy,Bad Boy
Bad Papa,Bad Papa
"Bad Thief, Good Thief","Bad Thief, Good Thief"
Baek Hee Has Returned,Becky’s Back
Bagel Girl,Bagel Girl
Band of Sisters,Sister Is Alive
Bank of Seoul,Bank of Seoul
Be Arrogant,Be Arrogant
Be Melodramatic,Melo is My Nature
Be My Dream Family,Be My Dream Family
Beautiful Gong Shim,Dear Fair Lady Kong Shim
"Beautiful Love, Wonderful Life","Beautiful Love, Wonderful Life"
Beautiful World,Beautiful World
Beauty Inside,Beauty Inside
Because This is My First Life,Because This is My First Life
Bel Ami,Bel Ami
Best Chicken,The Best Chicken
Best Mistake,Best Mistake
Best Mistake 2,Best Mistake 2
Beyond Evil,Beyond Evil
Big,Big
Big Heat,Big Heat
Big Issue,Big Issue
Birdie Buddy,Birdie Buddy
Birth of the Beauty,Birth of the Beauty
Birth Secret,Birth Secret
Black Dog,Black Dog
Black Knight: The Man Who Guards Me,Black Knight
Blade Man,Blade Man
Blood,Blood
Boarding House #24,Boarding House 24
Borg Mom,Borg Mom
Born Again,Born Again
Bossam - Steal the Fate,Bossam - Steal the Fate
Boys Over Flowers,Boys Over Flowers
Brain,Brain
Bravo My Life,Bravo My Life
Bride of the Century,Bride of the Century
Brilliant Heritage,Brilliant Heritage
"Bring It On, Ghost","Bring It On, Ghost"
Cafe Kilimanjaro,Cafe Kilimanjaro
Cafe Midnight,Cafe Midnight
Cafe Midnight Season 2: Hip Up! Hit Up!,Cafe Midnight Season 2: Hip Up! Hit Up!
Cafe Midnight Season 3: The Curious Stalker,Cafe Midnight Season 3: The Curious Stalker
Cain and Abel,Cain and Abel
Call of the Country,Secret Agent Miss Oh
Can Love Be Refunded,Can Love Be Refunded
Can We Get Married?,Can We Get Married?
Can We Love?,Can We Love?
Can You Hear My Heart,Listen to My Heart
Capital Scandal,Capital Scandal
Cast,Cast
"Cheat On Me, If You Can","Cheat On Me, If You Can"
Cheese in the Trap,Cheese in the Trap
Cheongdamdong Alice,Cheongnam-dong Alice
Chicago Typewriter,Chicago Typewriter
Chief Kim,Good Manager
Childless Comfort,Childless Comfort
Children of Nobody,Children of Nobody
CHIP-IN,CHIP-IN
Cinderella and the Four Knights,Cinderella and Four Knights
Cinderella Man,Cinderellaman
Cinderella's Sister,Cinderella's Sister
City Hall,City Hall
City Hunter,City Hunter
Class of Lies,Mr. Temporary
Clean with Passion for Now,Clean with Passion for Now
Coffee Prince,Coffee Prince
"Coffee, Do Me a Favor","Coffee, Do Me a Favor"
Color Rush,Color Rush
Come and Hug Me,Come and Hug Me
Come! Jang Bo Ri,Jang Bori is Here
Couple or Trouble,Couple or Trouble
Cruel Palace - War of Flowers,Cruel Palace - War of Flowers
Cunning Single Lady,Cunning Single Lady
D-Day,D-Day
Dae Jang Geum is Watching,"Jang Guem, Oh My Grandma"
Dal Ja's Spring,Dalja’s Spring
Damo,Damo
Dark Hole,Dark Hole
Defendant,Defendant
Delayed Justice,Delayed Justice
Descendants of the Sun,Descendants of the Sun
Detective Alice 2,Detective Alice 2
Devil Inspector,Rebel Detectives
Devil Inspector 2,Rebel Detectives 2
Devilish Joy,Devilish Joy
Different Dreams,Different Dreams
Discipline,Discipline
Discovery of Romance,Discovery of Love
Divorce Lawyer in Love,The Divorce Lawyer in Love
Do Dream,Do Dream
Do You Know Love?,Do You Know Love?
Do You Like Brahms?,Do You Like Brahms?
Doctor Detective,Doctor Detective
Doctor John,Doctor John
Doctor Prisoner,Doctor Prisoner
Doctor Stranger,Doctor Stranger
Doctors,Doctors
Dokgo Rewind,Dokgo Rewind
Don’t be Jealous,Don’t be Jealous
Dong Yi,Jewel in the Crown
Doom at Your Service,Doom at Your Service
Doubtful Victory,"Oh, the Mysterious"
Dream High,Dream High
Dream High 2,Dream High 2
East of Eden,East of Eden
Eccentric! Chef Moon,Eccentric! Chef Moon
Emergency Couple,Emergency Couple
Empress Ki,Empress Ki
Encounter,Encounter
Endless Love,Endless Love
Entertainer,Entertainer
Eulachacha Waikiki,Welcome to Waikiki S2
Eulachacha Waikiki 2,Welcome to Waikiki
Everyday Loves,Everyday Loves
Everything and Nothing,Everything and Nothing
EXIT,EXIT
Extraordinary You,Extra-ordinary You
FAILing in Love,FAILing in Love
Faith,The Great Doctor
Falling for Challenge,Falling for Challenge
Falling for Innocence,Falling for Innocence
Falsify,Distorted
Familiar Wife,Familiar Wife
Family Portrait,Family Portrait
Fantastic,Fantastic
Fashion King,Fashion King
Fatal Promise,Fatal Promise
Fated to Love You,Fated to Love You
Fates & Furies,Fates and Furies
Father's House,Father's House
Feast of the Gods,Feast of the Gods
Feel Good To Die,Feel Good To Die
Fermentation Family,Kimchi Family
Fight For My Way,Fight My Way
Find Me in Your Memory,Find Me in Your Memory
Five Enough,Five Enough
Five Fingers,Five Fingers
Flower Boy Next Door,Flower Boy Next Door
Flower Boy Ramyun Shop,Flower Boy Ramyun Shop
Flower Crew: Joseon Marriage Agency,Flower Crew: Joseon Marriage Agency
Flower of Evil,Flower of Evil
Flowers of the Prison,The Flower in Prison
Fluttering Warning,Love Alert
Forest,Forest
Fortuneteller’s Secret Recipe,Fortuneteller’s Secret Recipe
Full House,Full House
Gaduri Restaurant,Gaduri Restaurant
General Hospital,General Hospital
Genome's Romance,Genome's Romance
Get Karl! Oh Soo Jung,Get Karl! Oh Soo Jung
Ghost,Ghost
Ghost VRos,Ghost VRos
Giant,Giant
Girl’s War,Girl’s War
Girls’ Generation 1979,Girls’ Generation 1979
Glamorous Temptation,Glamorous Temptation
Glorious Day,Glorious Day
Go Back Couple,Go Back Couple
Go Ho's Starry Night,"Gogh, The Starry Night"
Goblin,Guardian: The Lonely and Great God
God's Gift: 14 Days,God’s Gift - 14 Days
Goddess of Fire,Goddess of Fire
Goddess of Marriage,Goddess of Marriage
Golden Cross,Golden Cross
Golden Empire,The Golden Empire
Golden Garden,Golden Garden
Golden Time,Golden Time
Good Casting,Good Casting
Good Doctor,Good Doctor
"Good-bye, Mr. Black",Goodbye Mr. Black
Goodbye Dear Wife,Goodbye Dear Wife
Goodbye to Goodbye,Goodbye to Goodbye
Goong,Princess Hours
Goong S,Prince Hours
Gourmet,Gourmet
Govengers,Govengers
Graceful Family,Graceful Family
Grand Prince,Grand Prince
Green Fever,Green Fever
Gu Family Book,"Kangchi, the Beginning"
Gumiho: Tale of the Fox's Child,Grudge: The Revolt of Gumiho
Gunman In Joseon,Gunman In Joseon
Haechi,Haechi
Hateful But Once Again,"Again, My Love"
He Is Psychometric,He Is Psychometric
Heading to the Ground,No Limit
Healer,Healer
Heard It Through the Grapevine,Heard It Through the Grapevine
Heart Surgeons,Heart Surgeons
Heartless City,Heartless City
Heartstrings,Heartstrings
Heaven’s Garden,Heaven’s Garden
Hello Monster,I Remember You
Hello! Miss,Hello! My Lady
Her Legend,Her Legend
Her Private Life,Her Private Life
Here's My Plan,Here's My Plan
Heroes,Heroes
Hi! School - Love On,Hi! School - Love On
Hide and Seek,Hide and Seek
High School King of Savvy,King of High School
High Society,High Society
High-End Crush,High-End Crush
History of the Salaryman,History of the Salaryman
Hit the Top,The Best Hit
Home Sweet Home,Home Sweet Home
Homemade Love Story,Homemade Love Story
Hong Ik Super,Hongik Super
Horse Doctor,King’s Doctor
Hot Stove League,Stove League
Hotel Del Luna,Hotel Del Luna
How Are You Bread,How Are You Bread?
How to Buy a Friend,How to Buy a Friend
Hwang Jin Yi,Hwangjini
Hwarang,Hwarang: The Poet Warrior Youth
"Hyde, Jekyll, Me","Hyde, Jekyll, Me"
I am Your Teacher,I am Your Teacher
"I Do, I Do",I Do I Do
I Hate You Juliet,I Hate You Juliet
I Have a Lover,I Have a Lover
I Hear Your Voice,I Hear Your Voice
I Live in Cheongdam-dong,I Live in Cheongdam-dong
I Love You,I Love You
I Order You,I Order You
I Picked Up a Star on the Road,I Picked Up a Celebrity On the Street
I Started Following Romance,I Started Following Romance
I Wanna Hear Your Song,I Wanna Hear Your Song
I'm Not a Robot,I Am Not a Robot
"I’m Sorry, I Love You","I’m Sorry, I Love You"
Iljimae,Iljimae
Imaginary Cat,Imaginary Cat
Imitation,Imitation
Immortal Classic,Immortal Classic
In Your Dream,In Your Dream
Incomplete Life,Incomplete Life
Into the Ring,Into the Ring
Irish Uppercut,Irish Uppercut
Issue Makers,Issue Makers
It’s Okay Because I Am a Mom,It’s Okay Because I Am a Mom
"It’s Okay, That’s Love","It’s Okay, That’s Love"
Item,The Item
Jang Ok Jung,"Jang Ok Jeong, Lives in Love"
Jealousy Incarnate ,Don’t Dare to Dream (Jealousy Incarnate)
Judge vs. Judge,Judge vs. Judge
Jugglers,Jugglers
Just Between Lovers,Just Between Lovers
Just Dance,Just Dance
Justice,Justice
K-POP - The Ultimate Audition,K-POP Extreme Survival
Kairos,Kairos
Kang Koo's Story,The Story of Kang Gu
KBS Drama Special: White Christmas,KBS Drama Special: White Christmas
Kill It,Kill It
"Kill Me, Heal Me",Kill Me Heal Me
King Maker: The Change of Destiny,King Maker: The Change of Destiny
King2Hearts,The King 2 Hearts
Kiss Goblin,Kiss Goblin
Kkondae Intern,Kkondae Intern
Korean Ghost Stories-2008,Korean Ghost Stories-2008
Korean Ghost Stories-2009,Korean Ghost Stories-2009
L.U.C.A.: The Beginning,L.U.C.A.: The Beginning
Last,Last
Lawless Attorney,Lawless Lawyer
Lawyers of Korea,Love & Law
Legal High,Legal High
Less than Evil,Less than Evil
Let Me Introduce Her,Let Me Introduce Her
Let's Hold Hands Tightly and Watch The Sunset,Hold Me Tight
Let’s Eat 3,Let’s Eat 3
"Let’s Eat Something, Anna","Let’s Eat Something, Anna"
Level Up,Level Up
Lie After Lie,Lie After Lie
Lie to Me,Lie to Me
Light and Shadow,Light and Shadow
Little Bride,Little Bride
Live On,Live On
Liver or Die,Liver or Die
Lonely Enough to Love,Lonely Enough to Love
Loss Time Life,Loss Time Life
Love Again,Love Again
Love Cells,Love Cells 1
Love Cells 2,Love Cells 2
Love Frequency 37.2,Love Frequency 37.2
Love in Memory,Love in Memory
Love in the Moonlight,Love in the Moonlight
Love in Time,Love in Time
Love In Your Taste,Love as You Taste
Love Marriage,Matchmaker’s Lover
Love Rain,Love Rain
Love Revolution,Love Revolution
Love Scene Number,Love Scene Number
Love With Flaws,Love With Flaws
Lovely Horribly,Lovely Horribly
Lover of the Palace,Lover of the Palace
Lucifer,The Lucifer
Lucky Romance,Lucky Romance
MAD DOG,MAD DOG
Madame Antoine,Madame Antoine
Mama Fairy and the Woodcutter,Mama Fairy and the Woodcutter
Man in the Kitchen,Man Who Sets the Table
Manhole,Manhole
Marriage Contract,Marriage Contract
"Marriage, Not Dating","Marriage, Not Dating"
Marry Him If You Dare,Marry Him If You Dare
Marry Me Now,Marry Me Now
Mask,Mask
Master of Study,Master of Study
Matching! Boys Archery,Matching! Boys Archery
Matrimonial Chaos,Matrimonial Chaos
May Queen,May Queen
"Me too, Flower!","Flower, I Am!"
Medical top Team,Medical top Team
Meeting You ,Meeting You 
Meeting You 2,Meeting You 2
Melo Holic,Melo Holic
Melting Me Softly,Melting Me Softly
Memorist,Memorist
"Meow, the Secret Boy","Meow, the Secret Boy"
Midas,Midas
Miracle That We Met,Miracle That We Met
Mirror of the Witch,Mirror of the Witch
Miss Hammurabi,Miss Hammurabi
Miss Korea,Miss Korea
"Miss Ma, Nemesis","Ms Ma, Nemesis"
Miss Monte-Cristo,Miss Monte-Cristo
Miss Ripley,Miss Ripley
Missing You,I Miss You
Missing: The Other Side,Missing: The Other Side
Mistress,Mistress
Misty,Misty
Mom Has an Affair,Mom Has an Affair
Moment of Eighteen,Moment of Eighteen
Money Flower,Money Flower
Monkey and Dog Romance,Monkey and Dog Romance
Moon Embracing the Sun,The Moon Embracing the Sun
Moorim School,Moorim School
More Than Friends,More Than Friends
Mother,Mother
Mother of Mine,Mother of Mine
Mouse,Mouse
Mr Queen,Mr Queen
Mr. Back,Mr. Back
Mr. Heart,Mr. Heart
Mr. Queen,Mr. Queen
Mr. Queen: The Secret,Mr. Queen: The Secret
Mrs. Cop,Mrs. Cop
Mrs. Cop 2,Mrs. Cop 2
Ms. Perfect,Ms. Perfect
Ms. Temper & Nam Jung Gi,Ms. Temper & Nam Jung Gi
Must You Go?,Must You Go?
Mute,Mute
My Absolute Boyfriend,Absolute Boyfriend
My Dangerous Wife,My Dangerous Wife
My Fair Lady,My Fair Lady
My Fantastic Funeral,My Fantastic Funeral
My Father is Strange,Father is Strange
My Fellow Citizens!,My Fellow Citizens!
My Girl,My Girl
My Girlfriend is a Gumiho,My Girlfriend is a Gumiho
My Golden Life,My Golden Life
My Healing Love,My Healing Love
My Heart Twinkle Twinkle,My Heart Twinkle Twinkle
My Husband Oh Jak Doo,"My Husband, Mr Oh!"
My ID is Gangnam Beauty,My ID is Gangnam Beauty
"My Lawyer, Mr. Jo","My Lawyer, Mr.Joe"
"My Lawyer, Mr. Jo 2: Crime and Punishment","My Lawyer, Mr. Joe 2: Crime and Punishment"
My Love Eun Dong,My Love Eun Dong
My Lovely Girl,My Lovely Girl
My Lovely Sam Soon,My Lovely Sam Soon
My Mister,My Mister
My Only One,My Only One
My Princess,My Princess
My Romantic Some Recipe,My Romantic Some Recipe
My Sassy Girl,My Sassy Girl
My Secret Hotel,My Secret Hotel
My Secret Romance,My Secret Romance
My Secret Star,My Secret Star
My Strange Hero,My Strange Hero
My Sweet Seoul,My Sweet City
My Unfamiliar Family,My Unfamiliar Family
My Wife’s Having an Affair this Week,My Wife Is Having an Affair This Week
My Wonderful Life,My Wonderful Life
Mysterious Freshman,Mysterious Freshman
Naked Fireman,Naked Fireman
Naughty Boy,Naughty Boy
Never Twice,Never Twice
New Heart,New Heart
Next Door Witch J,Next Door Witch J
Nice Witch,The Good Witch
Night Watchman's Journal,Diary of a Night Watchman
Nightmare Teacher,Nightmare Teacher
No Matter What,No Matter What
"Noble, My Love","Noble, My Love"
Nobody Knows,Nobody Knows
Number Six,Number Six
Obstetrics and Gynecology Doctors,Obstetrics and Gynecology Doctors
Oh My Baby,Oh My Baby
Oh My Ghostess,Oh My Ghostess
Oh My Venus,Oh My Venus
Oh! My Lady,Oh! My Lady
On Air,On Air
Once Again,Once Again
One Fine Week,One Fine Week
One More Happy Ending,Happy Once Again
Orange Marmalade,Orange Marmalade
Our Gap Soon,Our Gap Soon
Padam Padam,Padam Padam
Page Turner,Page Turner
Panda and Hedgehog,Panda and Hedgehog
Partner,The Partner
Partners for Justice,Partners for Justice
Partners for Justice 2,Partners for Justice 2
Passionate Love,Madly in Love
Pasta,Pasta
Penthouse,Penthouse
Perfume,Perfume
Personal Taste,Personal Taste
Phoenix 2020,Phoenix 2020
Pinocchio,Pinocchio
Player,The Player
Playful Kiss,Playful Kiss
"Please Come Back, Mister",Come Back Alive
Please Don't Date Him,Please Don't Date Him
Possessed,Possessed
Prime Minister and I,Prime Minister and I
Protect the Boss,Protect the Boss
Psychopath Diary,Psychopath Diary
Puck!,Puck
Punch,Punch
Queen for Seven Days,Queen for Seven Days
Queen Insoo,Queen Insoo
Queen of Ambition,Queen of Ambition
Queen of Housewives,My Wife Is A Super Woman
Queen of Mystery,Queen of Mystery
Queen of Mystery 2,Queen of Mystery 2
Queen of Reversals,Queen of Reversal
Queen Seon Duk,The Great Queen Seondeok
Queen: Love and War,Queen: Love and War
Radio Romance,Radio Romance
Ready for Start,Ready for Start
Rebel: Thief Who Stole the People,The Rebel
Remember: War of the Son,Remember
Replay,Replay
Reply 1988,Reply 1988
Reply 1994,Reply 1994
Reply 1997,Reply 1997
"Reply PyeongChang, 100°F","Reply PyeongChang, 100°F"
Return,Return
Reunited Worlds,Into the World Again
Revolutionary Love,Revolutionary Love
Revolutionary Sisters,Revolutionary Sisters
Rich Family's Son,The Rich Son
Rich Man,"Rich Man, Poor Woman"
Riders: Catch Tomorrow,Riders: Catch Tomorrow
Risky Romance,Risky Romance
River Where the Moon Rises,River Where the Moon Rises
Robber,Robber
Romance,Romance
Romance Special Law,Special Laws of Romance
"Romantic Doctor, Teacher Kim",Dr. Romantic
"Romantic Doctor, Teacher Kim 2",Dr. Romantic 2
Rooftop Prince,Rooftop Prince
Room No. 9,Room No. 9
Royal Family,Royal Family
Rumor,Rumor
"Saimdang, Light’s Diary","Saimdang, Light’s Diary"
"Sang Du, Let's Go to School","Sang Du, Let's Go to School"
Sassy Go Go,Cheer Up!
Scandal,Scandal
Scene Number Blue,Scene Number Blue
Scent of a Woman,The Scent of a Woman
School 2013,School 2013
School 2017,School 2017
Scripting Your Destiny,Scripting Your Destiny
Search,Search
Search: WWW,Search: WWW
Second to Last Love,Second to Last Love
Secret Boutique,Secret Boutique
Secret Door,Secret Door
Secret Garden,Secret Garden
Secret Love,Secret Love
Secret Love Affair,Secret Love Affair
Secret Mother,Secret Mother
Sell Your Haunted House,Sell Your Haunted House
"Seo Yeong, My Daughter","Seo Yeong, My Daughter"
Seonam Girls High School Investigators,Seonam Girl’s High School Investigators
SF8,SF8
She Knows Everything,She Knows Everything
She Was Pretty,She Was Pretty
Shine or Go Crazy,Shine or Be Mad
Shining Inheritance,Shining Inheritance
Shopping King Louie,Shopaholic Louis
Short,Short
Should We Kiss First?,Should We Kiss First
Sign,Sign
Single & Ready to Mingle,Single & Ready to Mingle
Single Wife,Single Wife
Six Flying Dragons,Six Flying Dragons
Sketch,Sketch
SKY Castle,SKY Castle
So I Married the Anti-Fan,So I Married the Anti-Fan
Solomon’s Perjury,Solomon’s Perjury
Some Light,Some Light
Something About 1 Percent,1% of Something
Something Happened in Bali,Something Happened in Bali
Soul Driver ,Soul Driver 
Soul Mechanic,Fix You
Spark,Spark
Special Labor Inspector Jo,"Special Labor Inspector, Mr. Jo"
Splash Splash Love,Splash Splash Love
Spotlight,Spotlight
Spring Turns to Spring,Spring Turns to Spring
Spy,Spy
Stairway to Heaven,Stairway to Heaven
Star’s Lover,Star’s Lover
Stranger Kim,Stranger Kim
Strong Woman Do Bong Soon,Strong Woman Do Bong Soon
Summer Guys,Summer Guys
Sungkyunkwan Scandal,Sungkyunkwan Scandal
Surgeon Bong Dal Hee,Surgeon Bong Dal Hee
Suspicious Partner,Suspicious Partner
Sweden Laundry,Sweden Laundry
Sweet Munchies,Sweet Munchies
Sweet Revenge,Revenge Note 1
Sweet Revenge Season 2,Revenge Note 2
Sweet Stranger and Me,Sweet Stranger and Me
"Sweet, Savage Family",My Sweet and Sour Family
Switch: Change the World,Switch
Syndrome,Syndrome
"Take Care of Us, Captain","Take Care of Us, Captain"
Tale of the Nine-Tailed,Tale of the Nine-Tailed
Tamra the Island,Tamra the Island
Taxi Driver,Taxi Driver
Tazza,Tazza
Team Bulldog: Off-duty Investigation,Team Bulldog: Off-duty Investigation
Tell Me What You Saw,Tell Me What You Saw
Temperature of Love,Degree of Love
Temptation,Temptation
Thank You,Thank You
"That Winter, The Wind Blows","That Winter, The Wind Blows"
The Banker,The Banker
The Birth of a Married Woman,The Birth of a Mrs
The Blue Sea,The Blue Sea
The Bride of Habaek,Bride of the Water God
The Chaser,The Chaser
The Color of a Woman,The Color of a Woman
The Cravings,The Cravings
The Cravings Season 2,The Cravings 2
The Crowned Clown,The Crowned Clown
The Eccentric Daughter-in-Law,The Virtual Bride
The Empress,The Empress
The Facetale Season 1: Cinderia,The Facetale: Cinderia
The Fiery Priest,The Fiery Priest
The Game: Towards Zero,The Game: Towards Zero
The Gentlemen of Wolgyesu Tailor Shop,The Gentlemen of Wolgyesu Tailor Shop
The Ghost Detective,The Ghost Detective
The Girl Who Sees Scents,The Girl Who Sees Smells
The Goddess of Revenge,The Goddess of Revenge
The Great Seducer,Tempted
The Great Show,The Great Show
The Greatest Love,The Greatest Love
The Guardians,The Guardian
The Happy Loner,The Happy Loner
The Heirs,Heirs
The Immortal Goddess,The Immortal Goddess
The Incarnation of Money,Incarnation of Money
The Innocent Man,The Innocent Man
The K2,The K2
The King in Love,The King Loves
The King’s Face,The King’s Face
The Last Empress,The Last Empress
The Legend of the Blue Sea,The Legend of the Blue Sea
The Liar and His Lover,The Liar and His Lover
The Light in Your Eyes,Radiant
The Man in the Mask,The Man in the Mask
The Master of Revenge,The Master of Revenge
The Master's Sun,Master’s Sun
The Merchant: Gaekju 2015,The Merchant: Gaekju 2015
The Mermaid Prince,The Mermaid Prince
The Miracle,The Miracle
The Package,The Package
The Penthouse 2,The Penthouse 2
The Penthouse 3,The Penthouse 3
The Producers,THE Producers
The Queen of Office,The Queen of Office
The Return of Iljimae,Moon River
The Royal Gambler,The Royal Gambler
The Running Mates: Human Rights,The Running Mates: Human Rights
The Scholar Who Walks the Night,The Scholar Who Walks the Night
The Secret Life of My Secretary,The Secret Life of My Secretary
The Smile Has Left Your Eyes,The Smile Has Left Your Eyes
The Spring Day of My Life,My Blooming Life
The Suspicious Housekeeper,The Suspicious Housemaid
The Sweet Blood,The Sweet Blood
The Tale of Nokdu,The Tale of Nokdu
The Temperature of Language: Our Nineteen,The Temperature of Language: Our Nineteen
The Third Charm,The Third Charm
The Time We Were Not in Love,The Time I’ve Loved You
The Undateables,The Undateables
The Vertex,The Vertex
The Village: Achiara's Secret,The Village Achiara’s Secret
The Wind Blows,The Wind Blows
The Woman Who Married Three Times,The Woman Who Married Three Times
The Woman Who Still Wants to Marry,"Still, Marry Me"
The World of My 17,The World of My 17
Thirty But Seventeen,Thirty But Seventeen
Thorn Birds,The Thorn Birds
Thumping Spike,Thumping Spike
Thumping Spike 2,Thumping Spike 2
Time,Time
Times,Times
Timing,Timing
To My Beloved,Beloved
To My Star,To My Star
To The Beautiful You,To The Beautiful You